firstName,lastName,email,age
John,Doe,john.doe@example.com,34
Jane,Smith,jane.smith@example.com,28
Robert,Brown,robert.brown@example.com,45
Alice,Johnson,alice.johnson@example.com,19
Élodie,Martin,elodie.martin@example.com,31
Thomas,Anderson,thomas.anderson@example.com,40
Sophie,Laurent,sophie.laurent@example.com,27
Marc,Durand,marc.durand@example.com,36
Clara,Petit,clara.petit@example.com,22
Hugo,Moreau,hugo.moreau@example.com,29
Laura,Fournier,laura.fournier@example.com,33
Antoine,Girard,antoine.girard@example.com,41
Camille,Roux,camille.roux@example.com,25
Nicolas,Fontaine,nicolas.fontaine@example.com,38
Julie,Chevalier,julie.chevalier@example.com,26
Maxime,Renard,maxime.renard@example.com,30
Manon,Collet,manon.collet@example.com,24
Alexandre,Gauthier,alexandre.gauthier@example.com,37
Emma,Barbier,emma.barbier@example.com,21
Lucas,Perrot,lucas.perrot@example.com,35
